{
    "result": {
        "LIKE": {
            "sys_avg": 500.03535,
            "count": 365
        },
        "HAHA": {
            "sys_avg": 295.958904109589041,
            "count": 280
        },
        "LOVE": {
            "sys_avg": 399.0343534,
            "count": 180
        },
        "WOW": {
            "sys_avg": 83.23553,
            "count": 65
        },
        "SORRY": {
            "sys_avg": 17.986301369863014,
            "count": 91
        },
        "ANGER": {
            "sys_avg": 5.23553,
            "count": 143
        }
    }
}
